source_url	status	bytes	content_type	local_path	found_on
https://cdn.prod.website-files.com/69e1cc2c4bb2c432ebac4f2b/69ee66fc20b6501ed7d5875a_Favicon.png	200	987	image/png	69ee66fc20b6501ed7d5875a_Favicon.png	https://stanzza.design/awards
https://cdn.prod.website-files.com/69e1cc2c4bb2c432ebac4f2b/69ee66f7321d78262d0cd10b_Webclip.png	200	6711	image/png	69ee66f7321d78262d0cd10b_Webclip.png	https://stanzza.design/awards
https://cdn.prod.website-files.com/69e1cc2c4bb2c432ebac4f2b/69ee6e801ae6e050e47e94e6_1-hero-anim.webp	200	5266	image/webp	69ee6e801ae6e050e47e94e6_1-hero-anim.webp	https://stanzza.design/awards
https://cdn.prod.website-files.com/69e1cc2c4bb2c432ebac4f2b/69ee6e804fe5acc3c96a8b93_2-hero-anim.webp	200	6232	image/webp	69ee6e804fe5acc3c96a8b93_2-hero-anim.webp	https://stanzza.design/awards
https://cdn.prod.website-files.com/69e1cc2c4bb2c432ebac4f2b/69ee6e809651caedf81df034_3-hero-anim.webp	200	3772	image/webp	69ee6e809651caedf81df034_3-hero-anim.webp	https://stanzza.design/awards
https://cdn.prod.website-files.com/69e1cc2c4bb2c432ebac4f2b/69ee6e800ada5ef0d5615b4e_4-hero-anim.webp	200	7776	image/webp	69ee6e800ada5ef0d5615b4e_4-hero-anim.webp	https://stanzza.design/awards
https://cdn.prod.website-files.com/69e1cc2c4bb2c432ebac4f2b/69ee6e8020b6501ed7d5fe10_5-hero-anim.webp	200	5346	image/webp	69ee6e8020b6501ed7d5fe10_5-hero-anim.webp	https://stanzza.design/awards
https://cdn.prod.website-files.com/69e1cc2c4bb2c432ebac4f2b/69ee6e80a5bc49a97129f69a_7-hero-anim.webp	200	7410	image/webp	69ee6e80a5bc49a97129f69a_7-hero-anim.webp	https://stanzza.design/awards
https://cdn.prod.website-files.com/69e1cc2c4bb2c432ebac4f2b/69ee6e80ac7c1015b9a83885_6-hero-anim.webp	200	8548	image/webp	69ee6e80ac7c1015b9a83885_6-hero-anim.webp	https://stanzza.design/awards
https://cdn.prod.website-files.com/69e1cc2c4bb2c432ebac4f2b/6a86de87db6a9dc42a4d26f1_4647ee0674beddf5340624786cf907f2_%D1%81%D1%82%D0%B0%D0%BD%D0%B7%D0%B0.avif	200	127772	image/avif	6a86de87db6a9dc42a4d26f1_4647ee0674beddf5340624786cf907f2__D1_81_D1_82_D0_B0_D0_BD_D0_B7_D0_B0.avif	https://stanzza.design/awards
https://cdn.prod.website-files.com/69e1cc2c4bb2c432ebac4f2b/69ee6e8046b909eb8a768789_8-hero-anim.webp	200	5360	image/webp	69ee6e8046b909eb8a768789_8-hero-anim.webp	https://stanzza.design/awards
https://cdn.prod.website-files.com/69e1cc2c4bb2c432ebac4f2b/69f0fbbcdd71dda90b31471a_back-second.svg	200	8637	image/svg+xml	69f0fbbcdd71dda90b31471a_back-second.svg	https://stanzza.design/awards
https://cdn.prod.website-files.com/69ee72eb1c52062dd6b93785/6a4788c15cf2d44eb4b4f178_Pau.avif	200	218461	image/avif	6a4788c15cf2d44eb4b4f178_Pau.avif	https://stanzza.design/awards
https://cdn.prod.website-files.com/69ee72eb1c52062dd6b93785/6a4788d5841b24ccb7063b9e_Valencia.avif	200	107305	image/avif	6a4788d5841b24ccb7063b9e_Valencia.avif	https://stanzza.design/awards
https://cdn.prod.website-files.com/69ee72eb1c52062dd6b93785/6a47c8a660ca9bcc367ad484_Chok.avif	200	163428	image/avif	6a47c8a660ca9bcc367ad484_Chok.avif	https://stanzza.design/awards
https://cdn.prod.website-files.com/69ee72eb1c52062dd6b93785/6a4788394562395f962728a3_Jazean.avif	200	153234	image/avif	6a4788394562395f962728a3_Jazean.avif	https://stanzza.design/awards
https://cdn.prod.website-files.com/69ee72eb1c52062dd6b93785/6a47c89b96f96fdc8b6fc485_Dose.avif	200	124476	image/avif	6a47c89b96f96fdc8b6fc485_Dose.avif	https://stanzza.design/awards
https://cdn.prod.website-files.com/69ee72eb1c52062dd6b93785/6a54ebe74a9d263b36e1bbf2_1.avif	200	159571	image/avif	6a54ebe74a9d263b36e1bbf2_1.avif	https://stanzza.design/awards
https://cdn.prod.website-files.com/69ee72eb1c52062dd6b93785/6a54e95e15904f715ba47cc8_1.avif	200	79348	image/avif	6a54e95e15904f715ba47cc8_1.avif	https://stanzza.design/awards
https://cdn.prod.website-files.com/69ee72eb1c52062dd6b93785/6a3d4f69979005eb86a7e17b_reel.avif	200	111873	image/avif	6a3d4f69979005eb86a7e17b_reel.avif	https://stanzza.design/awards
https://cdn.prod.website-files.com/69ee72eb1c52062dd6b93785/6a550c31b738ef972b8c1417_1.avif	200	166913	image/avif	6a550c31b738ef972b8c1417_1.avif	https://stanzza.design/awards
https://cdn.prod.website-files.com/69ee72eb1c52062dd6b93785/6a3d4b7b96a0e4f739732ef0_Frame%202147225912.avif	200	135756	image/avif	6a3d4b7b96a0e4f739732ef0_Frame_202147225912.avif	https://stanzza.design/awards
https://cdn.prod.website-files.com/69e1cc2c4bb2c432ebac4f2b/6a44f2a458ad22521be92f2f_Frame%202131331331.avif	200	77892	image/avif	6a44f2a458ad22521be92f2f_Frame_202131331331.avif	https://stanzza.design/awards
https://cdn.prod.website-files.com/69e1cc2c4bb2c432ebac4f2b/69ee70eaa5bc49a9712a21d3_team-work.webp	200	40810	image/webp	69ee70eaa5bc49a9712a21d3_team-work.webp	https://stanzza.design/awards
https://cdn.prod.website-files.com/69e1cc2c4bb2c432ebac4f2b/69ee70ea874551e8c744ee9f_team-workflow.webp	200	61264	image/webp	69ee70ea874551e8c744ee9f_team-workflow.webp	https://stanzza.design/awards
https://cdn.prod.website-files.com/69e1cc2c4bb2c432ebac4f2b/69ee70eab905a69a8f98030c_team-object.webp	200	101056	image/webp	69ee70eab905a69a8f98030c_team-object.webp	https://stanzza.design/awards
https://cdn.prod.website-files.com/69e1cc2c4bb2c432ebac4f2b/69ee715c5a1922a3cf704f04_Mask%20group-1.webp	200	23650	image/webp	69ee715c5a1922a3cf704f04_Mask_20group-1.webp	https://stanzza.design/awards
https://cdn.prod.website-files.com/69e1cc2c4bb2c432ebac4f2b/69ee715cd027b41f18e6543d_Mask%20group.webp	200	22952	image/webp	69ee715cd027b41f18e6543d_Mask_20group.webp	https://stanzza.design/awards
https://cdn.prod.website-files.com/69e1cc2c4bb2c432ebac4f2b/69ee778bf4b58e202aeb00a3_aacaa470ea7b416ee5b90bbcbd927803_mask-object-gradient.avif	200	523264	image/avif	69ee778bf4b58e202aeb00a3_aacaa470ea7b416ee5b90bbcbd927803_mask-object-gradient.avif	https://stanzza.design/awards
https://cdn.prod.website-files.com/69e1cc2c4bb2c432ebac4f2b/69fcbfa8c330b653754d90c6_back%20approach-scroll.svg	200	426	image/svg+xml	69fcbfa8c330b653754d90c6_back_20approach-scroll.svg	https://stanzza.design/awards
https://cdn.prod.website-files.com/69e1cc2c4bb2c432ebac4f2b/69fccac96dda00dfdbaabb25_back%20approach-scroll%20mobile.svg	200	464	image/svg+xml	69fccac96dda00dfdbaabb25_back_20approach-scroll_20mobile.svg	https://stanzza.design/awards
https://cdn.prod.website-files.com/69e1cc2c4bb2c432ebac4f2b/69ee77923ae9375fc0eb29da_3e1a9d810222586c5f0f51a03a0a533a_approach-frame-one.avif	200	39084	image/avif	69ee77923ae9375fc0eb29da_3e1a9d810222586c5f0f51a03a0a533a_approach-frame-one.avif	https://stanzza.design/awards
https://cdn.prod.website-files.com/69e1cc2c4bb2c432ebac4f2b/69ee77919776552620ffd5f7_a47db701177f70f1906b6197489f7bf7_approach-frame-four.avif	200	31216	image/avif	69ee77919776552620ffd5f7_a47db701177f70f1906b6197489f7bf7_approach-frame-four.avif	https://stanzza.design/awards
https://cdn.prod.website-files.com/69e1cc2c4bb2c432ebac4f2b/6a478a453663695b288b7d9c_Pau%206.avif	200	30954	image/avif	6a478a453663695b288b7d9c_Pau_206.avif	https://stanzza.design/awards
https://cdn.prod.website-files.com/69e1cc2c4bb2c432ebac4f2b/6a478a842ccb9c9938480ade_Pau%207.avif	200	42705	image/avif	6a478a842ccb9c9938480ade_Pau_207.avif	https://stanzza.design/awards
https://cdn.prod.website-files.com/69e1cc2c4bb2c432ebac4f2b/69ee77925bbf68a06ecaa5eb_8eb35646c8feee2b67de8ca9b0e18a74_approach-frame-five.avif	200	18853	image/avif	69ee77925bbf68a06ecaa5eb_8eb35646c8feee2b67de8ca9b0e18a74_approach-frame-five.avif	https://stanzza.design/awards
https://cdn.prod.website-files.com/69e1cc2c4bb2c432ebac4f2b/69ee77926808ef1ff1eee44a_object-scroll-people.webp	200	46766	image/webp	69ee77926808ef1ff1eee44a_object-scroll-people.webp	https://stanzza.design/awards
https://cdn.prod.website-files.com/69e1cc2c4bb2c432ebac4f2b/69ee724eea478df4265a33fc_years%20card%20one.webp	200	102618	image/webp	69ee724eea478df4265a33fc_years_20card_20one.webp	https://stanzza.design/awards
https://cdn.prod.website-files.com/69e1cc2c4bb2c432ebac4f2b/69ee724e3cd9f83fbd24af55_years%20card%20two.webp	200	54998	image/webp	69ee724e3cd9f83fbd24af55_years_20card_20two.webp	https://stanzza.design/awards
https://cdn.prod.website-files.com/69e1cc2c4bb2c432ebac4f2b/69ee724efddc2a87eca52d47_years%20card%20three.webp	200	30900	image/webp	69ee724efddc2a87eca52d47_years_20card_20three.webp	https://stanzza.design/awards
https://cdn.prod.website-files.com/69e1cc2c4bb2c432ebac4f2b/69ee724ea3b0fb3a7a781748_years%20card%20four.webp	200	74830	image/webp	69ee724ea3b0fb3a7a781748_years_20card_20four.webp	https://stanzza.design/awards
https://cdn.prod.website-files.com/69e1cc2c4bb2c432ebac4f2b/69eeb0b5c52612742b1579c2_everyuay.svg	200	2588	image/svg+xml	69eeb0b5c52612742b1579c2_everyuay.svg	https://stanzza.design/awards
https://cdn.prod.website-files.com/69e1cc2c4bb2c432ebac4f2b/69eeb0b5259a41220b939ba8_ahstep.ru.svg	200	9856	image/svg+xml	69eeb0b5259a41220b939ba8_ahstep.ru.svg	https://stanzza.design/awards
https://cdn.prod.website-files.com/69e1cc2c4bb2c432ebac4f2b/69eeb0b556976a283ce15fc4_elis.svg	200	4198	image/svg+xml	69eeb0b556976a283ce15fc4_elis.svg	https://stanzza.design/awards
https://cdn.prod.website-files.com/69e1cc2c4bb2c432ebac4f2b/69eeb0b59234e119f17ef589_muller-mena.com.svg	200	15097	image/svg+xml	69eeb0b59234e119f17ef589_muller-mena.com.svg	https://stanzza.design/awards
https://cdn.prod.website-files.com/69e1cc2c4bb2c432ebac4f2b/69eeb0b671a8a48195f5c73e_mediamarkt.webp	200	22200	image/webp	69eeb0b671a8a48195f5c73e_mediamarkt.webp	https://stanzza.design/awards
https://cdn.prod.website-files.com/69e1cc2c4bb2c432ebac4f2b/69eeb0b541c08e6683c9492c_diabakery.svg	200	2101	image/svg+xml	69eeb0b541c08e6683c9492c_diabakery.svg	https://stanzza.design/awards
https://cdn.prod.website-files.com/69e1cc2c4bb2c432ebac4f2b/69f0adc6a103e937f375540e_96.svg	200	2214	image/svg+xml	69f0adc6a103e937f375540e_96.svg	https://stanzza.design/awards
https://cdn.prod.website-files.com/69e1cc2c4bb2c432ebac4f2b/69eeb0b5ef6ebe73c7bedc9e_Dose.webp	200	11832	image/webp	69eeb0b5ef6ebe73c7bedc9e_Dose.webp	https://stanzza.design/awards
https://cdn.prod.website-files.com/69e1cc2c4bb2c432ebac4f2b/69eeb0b5618888318db8ee82_kaldi.webp	200	3908	image/webp	69eeb0b5618888318db8ee82_kaldi.webp	https://stanzza.design/awards
https://cdn.prod.website-files.com/69e1cc2c4bb2c432ebac4f2b/69eeb0b571a8a48195f5c739_y.svg	200	2511	image/svg+xml	69eeb0b571a8a48195f5c739_y.svg	https://stanzza.design/awards
https://cdn.prod.website-files.com/69e1cc2c4bb2c432ebac4f2b/69eeb0b568a962c4eb7cd804_Baron.webp	200	17360	image/webp	69eeb0b568a962c4eb7cd804_Baron.webp	https://stanzza.design/awards
https://cdn.prod.website-files.com/69e1cc2c4bb2c432ebac4f2b/69eeb0b591900fe5ef8dac86_jazean.svg	200	5509	image/svg+xml	69eeb0b591900fe5ef8dac86_jazean.svg	https://stanzza.design/awards
https://cdn.prod.website-files.com/69e1cc2c4bb2c432ebac4f2b/69eeb0b5d535bb6852e9e526_mango.svg	200	4977	image/svg+xml	69eeb0b5d535bb6852e9e526_mango.svg	https://stanzza.design/awards
https://cdn.prod.website-files.com/69ee72eb1c52062dd6b93785/6a7aed83a98c59ca55c2cc84_ATELIER-14.avif	200	48638	image/avif	6a7aed83a98c59ca55c2cc84_ATELIER-14.avif	https://stanzza.design/awards
https://cdn.prod.website-files.com/69ee72eb1c52062dd6b93785/6a7aed92f5decdf648d0e02b_ignant_architecture_barcelona_pavilion_ludwig_mies_van_der_rohe.avif	200	227803	image/avif	6a7aed92f5decdf648d0e02b_ignant_architecture_barcelona_pavilion_ludwig_mies_van_der_rohe.avif	https://stanzza.design/awards
https://cdn.prod.website-files.com/69ee72eb1c52062dd6b93785/6a7aeda0d03b604d758c8f29_cotton%2Bhouse%2Bhotel%2Bbarcelona.avif	200	103943	image/avif	6a7aeda0d03b604d758c8f29_cotton_2Bhouse_2Bhotel_2Bbarcelona.avif	https://stanzza.design/awards
https://cdn.prod.website-files.com/69e1cc2c4bb2c432ebac4f2b/69ee70ea3661a77a4c258807_teamleader.webp	200	91526	image/webp	69ee70ea3661a77a4c258807_teamleader.webp	https://stanzza.design/awards
https://cdn.prod.website-files.com/69e1cc2c4bb2c432ebac4f2b/69f0d2d45e19ec2b4afb087e_back.svg	200	7991	image/svg+xml	69f0d2d45e19ec2b4afb087e_back.svg	https://stanzza.design/awards
https://cdn.prod.website-files.com/69e1cc2c4bb2c432ebac4f2b/69ee7924b8fa1fe493daa4b2_main.avif	200	64061	image/avif	69ee7924b8fa1fe493daa4b2_main.avif	https://stanzza.design/awards
https://futuria-webm-video.b-cdn.net/stanza/writer.mov	200	3084356	video/quicktime	writer.mov	https://stanzza.design/awards
https://futuria-webm-video.b-cdn.net/stanza/stanzza.webm	200	22329	video/webm	stanzza.webm	https://stanzza.design/awards
https://futuria-webm-video.b-cdn.net/stanza/1_1.mp4	200	454263	video/mp4	1_1.mp4	https://stanzza.design/awards
https://futuria-webm-video.b-cdn.net/stanza/3_1.mp4	200	462909	video/mp4	3_1.mp4	https://stanzza.design/awards
https://futuria-webm-video.b-cdn.net/stanza/5_1.mp4	200	470376	video/mp4	5_1.mp4	https://stanzza.design/awards
https://futuria-webm-video.b-cdn.net/stanza/4_1.mp4	200	466012	video/mp4	4_1.mp4	https://stanzza.design/awards
https://futuria-webm-video.b-cdn.net/stanza/2_1.mp4	200	462546	video/mp4	2_1.mp4	https://stanzza.design/awards
https://futuria-webm-video.b-cdn.net/stanza/4_2.mp4	200	443265	video/mp4	4_2.mp4	https://stanzza.design/awards
https://futuria-webm-video.b-cdn.net/stanza/3_2.mp4	200	449721	video/mp4	3_2.mp4	https://stanzza.design/awards
https://futuria-webm-video.b-cdn.net/stanza/2_2.mp4	200	453937	video/mp4	2_2.mp4	https://stanzza.design/awards
https://futuria-webm-video.b-cdn.net/stanza/output_h264.mp4	200	804959	video/mp4	output_h264.mp4	https://stanzza.design/awards
https://cdn.prod.website-files.com/69e1cc2c4bb2c432ebac4f2b/css/stanza-dev.webflow.shared.fbf8e04ed.min.css	200	164562	text/css	stanza-dev.webflow.shared.fbf8e04ed.min.css	https://stanzza.design/awards
https://cdn.jsdelivr.net/npm/swiper@11/swiper-bundle.min.css	200	18454	text/css	swiper-bundle.min.css	https://stanzza.design/awards
https://cdn.prod.website-files.com/69e1cc2c4bb2c432ebac4f2b/6a551ca26bf4b720d62c4e66_InstrumentSerif-Regular.woff2	200	27212	font/woff2	6a551ca26bf4b720d62c4e66_InstrumentSerif-Regular.woff2	https://cdn.prod.website-files.com/69e1cc2c4bb2c432ebac4f2b/css/stanza-dev.webflow.shared.fbf8e04ed.min.css
https://cdn.prod.website-files.com/69e1cc2c4bb2c432ebac4f2b/69e8c6df1d0466ba9b9dfff3_ofont.ru_Helios-Cond.woff	200	25128	font/woff	69e8c6df1d0466ba9b9dfff3_ofont.ru_Helios-Cond.woff	https://cdn.prod.website-files.com/69e1cc2c4bb2c432ebac4f2b/css/stanza-dev.webflow.shared.fbf8e04ed.min.css
https://cdn.prod.website-files.com/69e1cc2c4bb2c432ebac4f2b/69e8c695d59e1682e82b8783_helioscond_bold.woff	200	14084	font/woff	69e8c695d59e1682e82b8783_helioscond_bold.woff	https://cdn.prod.website-files.com/69e1cc2c4bb2c432ebac4f2b/css/stanza-dev.webflow.shared.fbf8e04ed.min.css
https://cdn.prod.website-files.com/69e1cc2c4bb2c432ebac4f2b/69ee5af3ecbac4553e64ffe1_katherine_plus.woff	200	76060	font/woff	69ee5af3ecbac4553e64ffe1_katherine_plus.woff	https://cdn.prod.website-files.com/69e1cc2c4bb2c432ebac4f2b/css/stanza-dev.webflow.shared.fbf8e04ed.min.css
https://d3e54v103j8qbb.cloudfront.net/static/custom-checkbox-checkmark.589d534424.svg	200	167	image/svg+xml	custom-checkbox-checkmark.589d534424.svg	https://cdn.prod.website-files.com/69e1cc2c4bb2c432ebac4f2b/css/stanza-dev.webflow.shared.fbf8e04ed.min.css
https://cdn.prod.website-files.com/69e1cc2c4bb2c432ebac4f2b/6a7ecdb85d2730d0ebbecd11_d7956f305b36e21a4a1b7d821258e330_cursor.svg	200	129076	image/svg+xml	6a7ecdb85d2730d0ebbecd11_d7956f305b36e21a4a1b7d821258e330_cursor.svg	https://cdn.prod.website-files.com/69e1cc2c4bb2c432ebac4f2b/css/stanza-dev.webflow.shared.fbf8e04ed.min.css
https://cdn.prod.website-files.com/69e1cc2c4bb2c432ebac4f2b/69ee36edf5e087d032a46572_OG.avif	200	33454	image/avif	69ee36edf5e087d032a46572_OG.avif	https://cdn.prod.website-files.com/69e1cc2c4bb2c432ebac4f2b/css/stanza-dev.webflow.shared.fbf8e04ed.min.css
